,stim,S,C,R,RT,block,cond,day,prestim_R
0,splendour,W,k,k,3.7219321858137846,1,single,2,[]
1,cauldron,W,k,k,0.9259280078113079,1,single,2,[]
2,remorse,W,k,k,0.5126889701932669,1,single,2,[]
3,dimmirable,N,j,j,0.8441129196435213,1,single,2,[]
4,juncture,W,k,k,0.5632312092930079,1,single,2,[]
5,spear,W,k,k,0.43005630373954773,1,single,2,[]
6,goozing,N,j,k,0.5578486043959856,1,single,2,[]
7,finesse,W,k,k,0.8048457875847816,1,single,2,[]
8,glancing,P,d,d,0.8216720707714558,1,single,2,[]
9,pafoncaise,N,j,j,0.8405742924660444,1,single,2,[]
10,protocol,W,k,k,0.7896294221282005,1,single,2,[]
11,burtasion,N,j,j,0.940307267010212,1,single,2,[]
12,borilation,N,j,j,0.6181624084711075,1,single,2,[]
13,defunct,W,k,j,1.3334145601838827,1,single,2,[]
14,osoque,N,j,j,0.6975857596844435,1,single,2,[]
15,ominous,W,k,k,0.569501705467701,1,single,2,[]
16,glancing,P,d,d,0.5903999451547861,1,single,2,[]
17,poterral,N,j,j,0.5974519606679678,1,single,2,[]
18,junglin,N,j,j,1.8796449173241854,1,single,2,[]
19,turtle,W,k,k,1.3480182699859142,1,single,2,[]
20,exciees,N,j,j,0.6231309697031975,1,single,2,[]
21,babband,N,j,j,0.6754489839076996,1,single,2,[]
22,substrift,N,j,j,0.49725205823779106,1,single,2,[]
23,cushy,W,k,j,0.5887046977877617,1,single,2,[]
24,strand,W,k,k,1.216943945735693,1,single,2,[]
25,moddle,N,j,j,1.4069493133574724,1,single,2,[]
26,scrab,N,j,k,1.043549720197916,1,single,2,[]
27,glancing,P,d,j,0.4903034046292305,1,single,2,[]
28,achievable,W,k,k,0.6696931943297386,1,single,2,[]
29,premise,W,k,k,0.5533929448574781,1,single,2,[]
30,envam,N,j,j,0.6031350363045931,1,single,2,[]
31,sigulir,N,j,j,0.7493094466626644,1,single,2,[]
32,predetance,N,j,j,0.6926412377506495,1,single,2,[]
33,collebient,N,j,j,0.4605632536113262,1,single,2,[]
34,varridin,N,j,j,0.45659645833075047,1,single,2,[]
35,contradict,W,k,k,0.7656919341534376,1,single,2,[]
36,glancing,P,d,d,0.5612240750342607,1,single,2,[]
37,trotintic,N,j,j,0.5741391479969025,1,single,2,[]
38,shrunk,W,k,k,0.5790611356496811,1,single,2,[]
39,sibbletic,N,j,j,0.7140947449952364,1,single,2,[]
40,ranchel,N,j,j,0.6441040262579918,1,single,2,[]
41,connern,N,j,j,0.6446547862142324,1,single,2,[]
42,arscrilas,N,j,j,0.48623625189065933,1,single,2,[]
43,stosier,N,j,j,0.398485092446208,1,single,2,[]
44,synthetic,W,k,k,0.6100909020751715,1,single,2,[]
45,glancing,P,d,d,0.6223984248936176,1,single,2,[]
46,hadoy,N,j,j,0.47576008923351765,1,single,2,[]
47,devegent,N,j,j,0.7629829030483961,1,single,2,[]
48,oblivion,W,k,k,0.6443792544305325,1,single,2,[]
49,ithneraty,N,j,j,0.6769065596163273,1,single,2,[]
50,syncesty,N,j,j,0.5627276226878166,1,single,2,[]
51,selinant,N,j,j,0.5975348893553019,1,single,2,[]
52,pentunom,N,j,j,0.5506724957376719,1,single,2,[]
53,intrusion,W,k,k,0.5833806823939085,1,single,2,[]
54,glacier,W,k,k,0.9344141613692045,1,single,2,[]
55,cabsicep,N,j,j,0.5222102403640747,1,single,2,[]
56,extying,N,j,j,0.503749405965209,1,single,2,[]
57,glancing,P,d,d,0.5471639167517424,1,single,2,[]
58,imbasation,N,j,j,0.7318849302828312,1,single,2,[]
59,forlorn,W,k,j,0.43517720326781273,1,single,2,[]
60,eltique,N,j,k,0.4311764556914568,1,single,2,[]
61,ferridied,N,j,j,1.3471676409244537,1,single,2,[]
62,tecament,N,j,j,0.399304473772645,1,single,2,[]
63,remamlocal,N,j,j,0.45787825994193554,1,single,2,[]
64,glancing,P,d,d,0.5899206977337599,1,single,2,[]
65,misalyst,N,j,j,0.4609427470713854,1,single,2,[]
66,dejest,N,j,j,0.4660411085933447,1,single,2,[]
67,aerial,W,k,k,0.8300852105021477,1,single,2,[]
68,divyard,N,j,j,0.5070801097899675,1,single,2,[]
69,extridete,N,j,j,1.2385203447192907,1,single,2,[]
70,stringack,N,j,j,3.9458145685493946,1,single,2,[]
71,fiemning,N,j,j,0.663588859140873,1,single,2,[]
72,suspense,W,k,k,0.6912891250103712,1,single,2,[]
73,interfere,W,k,k,0.5792104694992304,1,single,2,[]
74,glancing,P,d,d,0.6262438297271729,1,single,2,[]
75,cronesque,N,j,j,0.504655921831727,1,single,2,[]
76,stumble,W,k,k,0.4760233014822006,1,single,2,[]
77,corchadity,N,j,j,0.6193162091076374,1,single,2,[]
78,poharities,N,j,j,0.6305183079093695,1,single,2,[]
79,swirl,W,k,j,0.5169643461704254,1,single,2,[]
80,scuffle,W,k,k,0.693653516471386,1,single,2,[]
81,procorel,N,j,j,2.413539506494999,1,single,2,[]
82,fanciful,W,k,k,0.898097038269043,1,single,2,[]
83,instruct,W,k,k,0.48971718922257423,1,single,2,[]
84,sabotage,W,k,k,0.489967780187726,1,single,2,[]
85,vitamin,W,k,k,0.8592532686889172,1,single,2,[]
86,repinchy,N,j,j,0.6535543873906136,1,single,2,[]
87,colcalomy,N,j,j,0.558094086125493,1,single,2,[]
88,furve,N,j,j,0.9688975214958191,1,single,2,[]
89,convame,N,j,j,0.6190283615142107,1,single,2,[]
90,glancing,P,d,d,0.5753163862973452,1,single,2,[]
91,caupexity,N,j,j,0.4362624976783991,1,single,2,[]
92,rannation,N,j,j,0.6440664678812027,1,single,2,[]
93,mutton,W,k,j,0.5006046947091818,1,single,2,[]
94,academies,W,k,k,1.395192550495267,1,single,2,[]
95,devise,W,k,k,0.5416551101952791,1,single,2,[]
96,reserhawk,N,j,j,0.430357675999403,1,single,2,[]
97,glancing,P,d,d,0.47716598585247993,1,single,2,[]
98,coananct,N,j,j,1.2123191226273775,1,single,2,[]
99,etceasing,N,j,j,0.4743205402046442,1,single,2,[]
100,deviating,W,k,k,0.6495277974754572,1,single,2,[]
101,default,W,k,k,0.46816242299973965,1,single,2,[]
102,glancing,P,d,d,0.5863327942788601,1,single,2,[]
103,peddle,W,k,k,1.1383826397359371,1,single,2,[]
104,atrocities,W,k,k,0.8208106253296137,1,single,2,[]
105,stove,W,k,k,0.6158689241856337,1,single,2,[]
106,arpling,N,j,j,0.9709632471203804,1,single,2,[]
107,dwell,W,k,k,0.85204260610044,1,single,2,[]
108,soseon,N,j,j,0.923180814832449,1,single,2,[]
109,guice,N,j,j,0.7888674307614565,1,single,2,[]
110,blimry,N,j,j,0.4904960058629513,1,single,2,[]
111,stacaring,N,j,j,0.6198101826012135,1,single,2,[]
112,glancing,P,d,d,0.5601228550076485,1,single,2,[]
113,arrogance,W,k,k,1.0690427366644144,1,single,2,[]
114,congregate,W,k,k,1.021968811750412,1,single,2,[]
115,caoing,N,j,j,0.775469807907939,1,single,2,[]
116,conducive,W,k,j,1.2520384583622217,1,single,2,[]
117,moisture,W,k,k,0.7795045077800751,1,single,2,[]
118,jenow,N,j,j,0.5590243395417929,1,single,2,[]
119,tumble,W,k,k,0.6418466009199619,1,single,2,[]
120,barbon,N,j,j,1.0343199037015438,1,single,2,[]
121,battalion,W,k,j,0.5249508190900087,1,single,2,[]
122,glancing,P,d,d,0.9356806389987469,1,single,2,[]
123,pelican,W,k,k,3.477632313966751,1,single,2,[]
124,explicit,W,k,k,0.5236428771167994,1,single,2,[]
125,circeycent,N,j,j,0.5782669950276613,1,single,2,[]
126,ayhect,N,j,j,0.8732710629701614,1,single,2,[]
127,scessilous,N,j,j,0.8856843505054712,1,single,2,[]
128,bracing,W,k,k,0.6980893462896347,1,single,2,[]
129,blosish,N,j,j,0.7860198840498924,1,single,2,[]
130,tratenit,N,j,j,0.5916375797241926,1,single,2,[]
131,comet,W,k,j,0.41466115787625313,1,single,2,[]
132,eject,W,k,k,0.606442604213953,1,single,2,[]
133,daisy,W,k,k,0.7766275145113468,1,single,2,[]
134,glancing,P,d,d,0.604156631976366,1,single,2,[]
135,construct,W,k,k,1.0463765356689692,1,single,2,[]
136,shack,W,k,k,0.5561052802950144,1,single,2,[]
137,cheetah,W,k,k,0.6309167295694351,1,single,2,[]
138,residency,W,k,k,0.8053451683372259,1,single,2,[]
139,tragedies,W,k,k,0.5341334640979767,1,single,2,[]
140,geometry,W,k,k,0.5177792180329561,1,single,2,[]
141,stumia,N,j,j,0.6603810507804155,1,single,2,[]
142,scrub,W,k,k,0.39902323484420776,1,single,2,[]
143,glancing,P,d,d,0.6105698477476835,1,single,2,[]
144,resent,W,k,k,1.045848609879613,1,single,2,[]
145,bockel,N,j,j,1.2025535684078932,1,single,2,[]
146,fossut,N,j,j,0.6064492128789425,1,single,2,[]
147,tetturn,N,j,j,0.7595869991928339,1,single,2,[]
148,onmifaty,N,j,j,0.47300238348543644,1,single,2,[]
149,drucing,N,j,j,0.7122086994349957,1,single,2,[]
150,browsing,W,k,k,0.4982288833707571,1,single,2,[]
151,aphese,N,j,j,0.6595532558858395,1,single,2,[]
152,tendon,W,k,k,0.5821812096983194,1,single,2,[]
153,canon,W,k,k,0.6382791288197041,1,single,2,[]
154,drelding,N,j,j,1.044674376025796,1,single,2,[]
155,bercolies,N,j,j,0.6434817537665367,1,single,2,[]
156,rirnless,N,j,j,0.3640155550092459,1,single,2,[]
157,anose,N,j,j,0.3932845704257488,1,single,2,[]
158,vantage,W,k,j,0.7809022907167673,1,single,2,[]
159,usicyll,N,j,j,0.469639228656888,1,single,2,[]
160,rendidnous,N,j,j,0.5397916007786989,1,single,2,[]
161,glancing,P,d,d,0.5244905017316341,1,single,2,[]
162,regrating,N,j,k,0.7380283270031214,1,single,2,[]
163,abject,W,k,j,0.9393908344209194,1,single,2,[]
164,compove,N,j,j,0.8514032065868378,1,single,2,[]
165,glancing,P,d,d,0.6675337199121714,1,single,2,[]
166,rerivetion,N,j,j,0.5661926362663507,1,single,2,[]
167,sheatah,N,j,j,0.979144124314189,1,single,2,[]
168,spurious,W,k,j,0.5423672236502171,1,single,2,[]
169,hurricane,W,k,k,0.7471884340047836,1,single,2,[]
170,imedity,N,j,j,0.5325929578393698,1,single,2,[]
171,intrigue,W,k,k,0.532240204513073,1,single,2,[]
172,subterfuge,W,k,j,0.540978454053402,1,single,2,[]
173,utrolete,N,j,j,0.5218355543911457,1,single,2,[]
174,symposium,W,k,j,0.9193642549216747,1,single,2,[]
175,absorption,W,k,k,0.5791206285357475,1,single,2,[]
176,innate,W,k,k,0.7312133833765984,1,single,2,[]
177,olvedion,N,j,j,0.5593392308801413,1,single,2,[]
178,grating,W,k,k,1.5621402077376842,1,single,2,[]
179,glancing,P,d,d,0.5729318615049124,1,single,2,[]
180,unicorn,W,k,k,0.5138586964458227,1,single,2,[]
181,satibate,N,j,j,0.7732430286705494,1,single,2,[]
182,uller,N,j,j,0.5847823712974787,1,single,2,[]
183,extinguish,W,k,k,0.6318376678973436,1,single,2,[]
184,impeccable,W,k,k,1.006250662729144,1,single,2,[]
185,intricate,W,k,k,0.8296564407646656,1,single,2,[]
186,stodel,N,j,j,0.579740796238184,1,single,2,[]
187,ripple,W,k,k,1.4267228990793228,1,single,2,[]
188,umbter,N,j,k,0.4745455924421549,1,single,2,[]
189,plepsily,N,j,j,0.5227619018405676,1,single,2,[]
190,janide,N,j,j,0.36935219168663025,1,single,2,[]
191,glancing,P,d,d,0.5826319120824337,1,single,2,[]
192,assimilate,W,k,k,0.7027436140924692,1,single,2,[]
193,cacerertz,N,j,j,0.5026070214807987,1,single,2,[]
194,pedisating,N,j,j,1.6180521342903376,1,single,2,[]
195,sternum,W,k,k,0.7183025162667036,1,single,2,[]
196,negligible,W,k,k,0.5544545017182827,1,single,2,[]
197,funcisol,N,j,j,0.6372686494141817,1,single,2,[]
198,glancing,P,d,d,0.5396903418004513,1,single,2,[]
199,atflirant,N,j,j,0.4513376448303461,1,single,2,[]
200,capsicum,W,k,k,0.6132611520588398,1,single,2,[]
201,subtlety,W,k,k,0.6234611831605434,1,single,2,[]
202,crade,N,j,k,0.4858838003128767,1,single,2,[]
203,sizing,W,k,k,0.889259934425354,1,single,2,[]
204,ruggling,N,j,j,0.6136676874011755,1,single,2,[]
205,ovation,W,k,k,0.6499123983085155,1,single,2,[]
206,glancing,P,d,d,0.6185031402856112,1,single,2,[]
207,haste,W,k,k,0.9268525503575802,1,single,2,[]
208,saffer,N,j,j,0.6015677880495787,1,single,2,[]
209,daxny,N,j,j,0.667757872492075,1,single,2,[]
210,evoking,W,k,k,0.8634216785430908,1,single,2,[]
211,anejuciral,N,j,j,0.6977302841842175,1,single,2,[]
212,reyupey,N,j,j,0.4757760129868984,1,single,2,[]
213,dewrissent,N,j,j,0.6899295002222061,1,single,2,[]
214,krening,N,j,j,0.5218520797789097,1,single,2,[]
215,frequency,W,k,k,0.6233455035835505,1,single,2,[]
216,adthenogy,N,j,j,0.6196923982352018,1,single,2,[]
217,dissident,W,k,j,0.6240050327032804,1,single,2,[]
218,skand,N,j,j,0.6244584415107965,1,single,2,[]
219,hospitable,W,k,k,0.7807688824832439,1,single,2,[]
220,stunt,W,k,k,0.5784316528588533,1,single,2,[]
221,glancing,P,d,k,0.5844025779515505,1,single,2,[]
222,augment,W,k,k,0.9354540854692459,1,single,2,[]
223,servicing,W,k,k,1.1413533799350262,1,single,2,[]
224,fulcrum,W,k,j,0.545861080288887,1,single,2,[]
225,begand,N,j,j,0.5267422180622816,1,single,2,[]
226,barilitess,N,j,j,0.6042804252356291,1,single,2,[]
227,cosmology,W,k,k,0.7104831021279097,1,single,2,[]
228,shrog,N,j,j,0.7125097699463367,1,single,2,[]
229,advocating,W,k,k,0.7076433673501015,1,single,2,[]
230,aupimation,N,j,j,0.7896162010729313,1,single,2,[]
231,glancing,P,d,d,0.6192495059221983,1,single,2,[]
232,myriad,W,k,j,0.4315643608570099,1,single,2,[]
233,defogue,N,j,j,0.6814175061881542,1,single,2,[]
234,escaping,W,k,k,0.5592611096799374,1,single,2,[]
235,weotnaquy,N,j,j,0.6340629421174526,1,single,2,[]
236,evoke,W,k,k,0.5924659725278616,1,single,2,[]
237,glancing,P,d,d,0.6235113609582186,1,single,2,[]
238,medieval,W,k,k,0.8598154466599226,1,single,2,[]
239,otspitate,N,j,j,0.55807726085186,1,single,2,[]
240,cotretion,N,j,j,0.6270508915185928,1,single,2,[]
241,immarrable,N,j,j,1.5214746911078691,1,single,2,[]
242,rewralsive,N,j,j,0.4869675952941179,1,single,2,[]
243,nellirood,N,j,j,0.568287206813693,1,single,2,[]
244,spile,N,j,j,0.6051971577107906,1,single,2,[]
245,currencies,W,k,k,0.5834041181951761,1,single,2,[]
246,spachant,N,j,j,0.6304326727986336,1,single,2,[]
247,glancing,P,d,d,0.580893699079752,1,single,2,[]
248,bountiful,W,k,j,0.6518972981721163,1,single,2,[]
249,whyme,N,j,j,0.5296510607004166,1,single,2,[]
250,medication,W,k,k,0.8391560763120651,1,single,2,[]
251,spetter,N,j,j,0.7801865730434656,1,single,2,[]
252,exercising,W,k,j,0.762862715870142,1,single,2,[]
253,spusal,N,j,j,0.6564950793981552,1,single,2,[]
254,glancing,P,d,d,0.5881881918758154,1,single,2,[]
255,prerinered,N,j,j,0.4592420905828476,1,single,2,[]
256,prononsion,N,j,j,0.6643220037221909,1,single,2,[]
257,minuscule,W,k,j,0.6029583606868982,1,single,2,[]
258,setymer,N,j,j,0.42533232644200325,1,single,2,[]
259,enshand,N,j,j,0.4971541054546833,1,single,2,[]
260,odmiaphe,N,j,j,0.628580279648304,1,single,2,[]
261,cheripe,N,j,j,0.5789968352764845,1,single,2,[]
262,classora,N,j,j,0.5300293527543545,1,single,2,[]
263,neuroses,W,k,j,0.4715562239289284,1,single,2,[]
264,erervous,N,j,j,0.4008074216544628,1,single,2,[]
265,glancing,P,d,d,0.7313804440200329,1,single,2,[]
266,hattified,N,j,j,0.5445861890912056,1,single,2,[]
267,priscing,N,j,j,0.5073682591319084,1,single,2,[]
268,thammer,N,j,k,1.1028145868331194,1,single,2,[]
269,fetingly,N,j,k,1.3211725391447544,1,single,2,[]
270,disduch,N,j,j,1.458131555467844,1,single,2,[]
271,piral,N,j,j,0.45413291081786156,1,single,2,[]
272,mynsosiom,N,j,j,0.4432258754968643,1,single,2,[]
273,microphone,W,k,k,0.5571488104760647,1,single,2,[]
274,jolly,W,k,k,0.7508902158588171,1,single,2,[]
275,glancing,P,d,k,0.4461842942982912,1,single,2,[]
276,strenuous,W,k,k,0.5121273919939995,1,single,2,[]
277,roodow,N,j,j,0.9555248338729143,1,single,2,[]
278,dismaubing,N,j,k,0.4126426074653864,1,single,2,[]
279,errant,W,k,k,0.6913149654865265,1,single,2,[]
280,momalusing,N,j,k,0.523270595818758,1,single,2,[]
281,aylictic,N,j,j,0.5319349300116301,1,single,2,['k']
282,lespel,N,j,j,0.8755588345229626,1,single,2,[]
283,walder,N,j,j,1.2538451813161373,1,single,2,[]
284,oblique,W,k,k,0.6192597206681967,1,single,2,[]
285,cobbucion,N,j,j,0.7115891315042973,1,single,2,[]
286,barge,W,k,k,0.6336008217185736,1,single,2,[]
287,retulent,N,j,j,1.1840284336358309,1,single,2,[]
288,calories,W,k,k,0.585809675976634,1,single,2,[]
289,bicerimal,N,j,j,0.6339060980826616,1,single,2,[]
290,glancing,P,d,d,0.7432597987353802,1,single,2,[]
291,casket,W,k,k,0.6785669550299644,1,single,2,[]
292,chadure,N,j,j,0.5404030550271273,1,single,2,[]
293,chill,W,k,k,0.7240282595157623,1,single,2,[]
294,smurmal,N,j,j,0.7830957174301147,1,single,2,[]
295,cartilage,W,k,k,0.7007509022951126,1,single,2,[]
296,sensibly,W,k,k,0.6846607718616724,1,single,2,[]
297,giraffe,W,k,k,0.6984667349606752,1,single,2,[]
298,glancing,P,d,d,0.610427426174283,1,single,2,[]
299,cornucopia,W,k,j,0.6867090705782175,1,single,2,[]
300,eegremine,N,j,j,0.6646759565919638,1,single,2,[]
301,decreasing,W,k,k,1.0603705942630768,1,single,2,[]
302,seenfer,N,j,d,0.5332819316536188,1,single,2,[]
303,twitch,W,k,k,0.6480254512280226,1,single,2,[]
304,cynsedial,N,j,j,0.8565760850906372,1,single,2,[]
305,bilinity,N,j,j,0.770880438387394,1,single,2,[]
306,larynx,W,k,k,0.7183998692780733,1,single,2,[]
307,glancing,P,d,d,0.5545386336743832,1,single,2,[]
308,stillor,N,j,j,0.6533431559801102,1,single,2,[]
309,eczema,W,k,k,0.7178776524960995,1,single,2,[]
310,fusion,W,k,k,0.5150683857500553,1,single,2,[]
311,sweapy,N,j,k,0.8864989224821329,1,single,2,[]
312,tusein,N,j,j,0.6710699442774057,1,single,2,[]
313,glancing,P,d,d,0.5387853290885687,1,single,2,[]
314,commotion,W,k,k,0.6594916600733995,1,single,2,[]
315,ecintic,N,j,j,0.6621372923254967,1,single,2,[]
316,omission,W,k,k,1.4327617306262255,1,single,2,[]
317,strunk,N,j,k,1.0565438158810139,1,single,2,[]
318,stusciaphy,N,j,j,1.4814053066074848,1,single,2,[]
319,amimegies,N,j,k,0.5445393174886703,1,single,2,[]
320,stolma,N,j,k,0.6454447191208601,1,single,2,[]
321,etiquette,W,k,k,0.672047670930624,1,single,2,[]
322,consieding,N,j,j,1.7756218444555998,1,single,2,[]
323,dormant,W,k,k,0.6431401204317808,1,single,2,[]
324,slulp,N,j,j,0.7647244241088629,1,single,2,[]
325,flacorgo,N,j,j,1.0461460761725903,1,single,2,[]
326,acrimony,W,k,j,0.6529234014451504,1,single,2,[]
327,glancing,P,d,d,0.6416308637708426,1,single,2,[]
328,alterdent,N,j,j,0.5871894303709269,1,single,2,[]
329,lawerlies,N,j,j,0.5702171232551336,1,single,2,[]
330,enbot,N,j,j,0.47918784245848656,1,single,2,[]
331,felilone,N,j,j,0.4933282285928726,1,single,2,[]
332,ornate,W,k,k,0.9106115847826004,1,single,2,[]
333,javelin,W,k,j,0.5763337761163712,1,single,2,[]
334,glancing,P,d,d,0.609434075653553,1,single,2,[]
335,cumulative,W,k,k,0.7956325002014637,1,single,2,[]
336,langiant,N,j,j,0.7484269682317972,1,single,2,[]
337,exuberance,W,k,j,0.8218580614775419,1,single,2,[]
338,diffum,N,j,j,0.7089338842779398,1,single,2,[]
339,resard,N,j,j,0.5749618336558342,1,single,2,[]
340,inspake,N,j,j,0.763884911313653,1,single,2,[]
341,libel,W,k,j,0.46928467601537704,1,single,2,[]
342,mimpling,N,j,j,0.6785771697759628,1,single,2,[]
343,brape,N,j,k,1.2043888345360756,1,single,2,[]
344,pristand,N,j,j,0.636453777551651,1,single,2,[]
345,goration,N,j,j,0.778878029435873,1,single,2,[]
346,asadating,N,j,j,0.7034319899976254,1,single,2,[]
347,preponsing,N,j,j,0.7753787636756897,1,single,2,[]
348,glancing,P,d,d,0.5948706287890673,1,single,2,[]
349,antidote,W,k,k,0.7811048086732626,1,single,2,[]
350,frugal,W,k,k,0.6667362749576569,1,single,2,[]
351,bueranthy,N,j,j,0.5264357402920723,1,single,2,[]
352,resictring,N,j,j,0.9639400783926249,1,single,2,[]
353,jubilation,W,k,k,2.9160470739006996,1,single,2,[]
354,ewrareen,N,j,j,0.6295925602316856,1,single,2,[]
355,cairmete,N,j,j,0.6280066836625338,1,single,2,[]
356,remiriade,N,j,j,0.7383813764899969,1,single,2,[]
357,dysotty,N,j,j,0.8806764297187328,1,single,2,[]
358,juffernarm,N,j,j,0.48614160530269146,1,single,2,[]
359,crage,N,j,j,1.006357928737998,1,single,2,[]
360,glancing,P,d,d,0.701807051897049,1,single,2,[]
361,convoving,N,j,j,0.7646724414080381,1,single,2,[]
362,glimmer,W,k,k,1.1041709054261446,1,single,2,[]
363,lervack,N,j,j,0.717261990532279,1,single,2,[]
364,busily,W,k,k,0.5844025779515505,1,single,2,[]
365,onuciaties,N,j,k,0.8554535321891308,1,single,2,[]
366,blatine,N,j,j,1.8917730618268251,1,single,2,[]
367,fright,W,k,k,0.8182890843600035,1,single,2,[]
368,glancing,P,d,d,0.6211908385157585,1,single,2,[]
369,fortuitous,W,k,k,0.9375005830079317,1,single,2,[]
370,complacent,W,k,k,0.7172956448048353,1,single,2,[]
371,engagingly,W,k,k,0.7673276886343956,1,single,2,[]
372,varalla,N,j,j,0.4988229125738144,1,single,2,[]
373,asodind,N,j,j,0.436166949570179,1,single,2,[]
374,pretatance,N,j,j,0.8359786160290241,1,single,2,[]
375,usurp,W,k,j,0.48899576254189014,1,single,2,[]
376,cullancies,N,j,j,0.668388856574893,1,single,2,[]
377,coronation,W,k,k,0.6241050902754068,1,single,2,[]
378,beetiche,N,j,j,0.5904936920851469,1,single,2,[]
379,prelitism,N,j,j,1.661520728841424,1,single,2,[]
380,glancing,P,d,d,0.6251879800111055,1,single,2,[]
381,stoofle,N,j,j,0.5916144419461489,1,single,2,[]
382,spumpling,N,j,j,3.22268320992589,1,single,2,[]
383,disfost,N,j,j,0.5506773013621569,1,single,2,[]
384,briky,N,j,j,0.44739188253879547,1,single,2,[]
385,pripney,N,j,j,0.793272914364934,1,single,2,[]
386,policing,W,k,k,1.7829376701265574,1,single,2,[]
387,glancing,P,d,d,0.6194949895143509,1,single,2,[]
388,barch,N,j,j,1.7907372526824474,1,single,2,[]
389,impetuous,W,k,k,1.4613709151744843,1,single,2,[]
390,adjunct,W,k,j,0.5293770339339972,1,single,2,[]
391,demuning,N,j,j,0.5241341460496187,1,single,2,[]
392,platoof,N,j,j,0.7136849034577608,1,single,2,[]
393,sprunk,N,j,j,0.9487573634833097,1,single,2,[]
394,badcatton,N,j,j,0.548786448314786,1,single,2,[]
395,promenade,W,k,k,0.6075660586357117,1,single,2,[]
396,abdomen,W,k,k,0.7708218451589346,1,single,2,[]
397,obliterate,W,k,k,0.55944499745965,1,single,2,[]
398,tweam,N,j,j,0.5483558773994446,1,single,2,[]
399,adhere,W,k,k,0.7100789714604616,1,single,2,[]
400,eerily,W,k,k,0.8412034753710032,1,single,2,[]
401,glancing,P,d,k,0.46222454868257046,1,single,2,[]
402,pickling,W,k,k,0.4022529795765877,1,single,2,[]
403,cottafting,N,j,j,0.6458608694374561,1,single,2,[]
404,pyramid,W,k,k,0.6383815873414278,1,single,2,[]
405,glancing,P,d,d,0.4368009380996227,1,single,2,[]
406,sanghies,N,j,k,0.9587320424616337,1,single,2,[]
407,revank,N,j,j,0.6247997730970383,1,single,2,['k']
408,berbert,N,j,j,1.1891276985406876,1,single,2,[]
409,diffuse,W,k,j,0.7669220548123121,1,single,2,[]
410,insasition,N,j,k,1.4135458171367645,1,single,2,[]
411,analogies,W,k,k,0.8233796376734972,1,single,2,[]
412,sellutont,N,j,j,0.5724339857697487,1,single,2,[]
413,grazing,W,k,k,0.5613577850162983,1,single,2,[]
414,rustling,W,k,k,0.6782334316521883,1,single,2,[]
415,bewoch,N,j,j,0.4921269528567791,1,single,2,[]
416,revising,W,k,k,0.5733933839946985,1,single,2,[]
417,keromosm,N,j,j,0.5644228719174862,1,single,2,[]
418,exert,W,k,k,0.6813565101474524,1,single,2,[]
419,chronicle,W,k,k,0.7191492393612862,1,single,2,[]
420,evinct,N,j,k,0.5473009292036295,1,single,2,[]
421,glancing,P,d,d,0.6081784144043922,1,single,2,[]
422,chaotic,W,k,k,0.6924807857722044,1,single,2,[]
423,consminite,N,j,j,0.6204216368496418,1,single,2,[]
424,spied,W,k,k,0.7948242351412773,1,single,2,[]
425,arejusity,N,j,j,0.6516310833394527,1,single,2,[]
426,catciox,N,j,j,0.5801536422222853,1,single,2,[]
427,attach,W,k,k,0.6351960133761168,1,single,2,[]
428,disprote,N,j,j,0.7616569306701422,1,single,2,[]
429,clatilup,N,j,k,0.48301371932029724,1,single,2,[]
430,glancing,P,d,d,0.5664014611393213,1,single,2,[]
431,alloc,N,j,j,0.5073358081281185,1,single,2,[]
432,consequent,W,k,k,0.6947442200034857,1,single,2,[]
433,apimogy,N,j,k,2.7666465248912573,1,single,2,[]
434,cling,W,k,k,0.6132404189556837,1,single,2,[]
435,forging,W,k,k,0.7135478891432285,1,single,2,[]
436,homicide,W,k,k,0.6355697959661484,1,single,2,[]
437,glancing,P,d,k,2.313997631892562,1,single,2,[]
438,enerfee,N,j,k,0.6067391652613878,1,single,2,[]
439,rendition,W,k,j,0.8451188914477825,1,single,2,[]
440,flier,W,k,k,1.3983105216175318,1,single,2,[]
441,grasing,N,j,k,0.9698725435882807,1,single,2,[]
442,stast,N,j,j,0.8300620727241039,1,single,2,[]
443,clonantine,N,j,j,0.7321358229964972,1,single,2,[]
444,etrop,N,j,j,0.5943868719041348,1,single,2,[]
445,glancing,P,d,d,0.5704773291945457,1,single,2,[]
446,bunge,N,j,j,0.551385810598731,1,single,2,[]
447,suscanse,N,j,j,0.5462135300040245,1,single,2,[]
448,attossin,N,j,j,0.5559739749878645,1,single,2,[]
449,ilmite,N,j,j,0.5907815415412188,1,single,2,[]
450,blight,W,k,k,1.0778134353458881,1,single,2,[]
451,mercury,W,k,k,0.6307166162878275,1,single,2,[]
452,repeal,W,k,k,0.43710651621222496,1,single,2,[]
453,erode,W,k,k,0.5889480784535408,1,single,2,[]
454,intoxing,N,j,k,0.5490235202014446,1,single,2,[]
455,rebiel,N,j,j,0.6979204826056957,1,single,2,[]
456,spagnonti,N,j,j,0.5719568394124508,1,single,2,[]
457,avenge,W,k,k,0.5928779151290655,1,single,2,[]
458,glancing,P,d,d,0.5940169952809811,1,single,2,[]
459,circumvent,W,k,j,0.8441703096032143,1,single,2,[]
460,testament,W,k,k,0.9184790719300508,1,single,2,[]
461,spange,N,j,j,0.9670655597001314,1,single,2,[]
462,hough,N,j,j,1.0391256101429462,1,single,2,[]
463,unite,W,k,k,1.3717760760337114,1,single,2,[]
464,gauging,W,k,k,0.6180770751088858,1,single,2,[]
465,constitute,W,k,k,0.5344192106276751,1,single,2,[]
466,boontidol,N,j,j,0.6540315318852663,1,single,2,[]
467,ucusc,N,j,j,0.5826219972223043,1,single,2,[]
468,glancing,P,d,k,3.182645073160529,1,single,2,[]
469,pallet,W,k,j,0.6563583668321371,1,single,2,[]
470,majorities,W,k,k,0.558118125423789,1,single,2,[]
471,emokeraine,N,j,j,0.6430421676486731,1,single,2,[]
472,smelt,W,k,k,0.8035811129957438,1,single,2,[]
473,scout,W,k,k,0.6363498158752918,1,single,2,[]
474,garrison,W,k,k,0.7788014113903046,1,single,2,[]
475,thique,N,j,j,0.9663279075175524,1,single,2,[]
476,glancing,P,d,d,0.6463082693517208,1,single,2,[]
477,displacing,W,k,k,1.0878764558583498,1,single,2,[]
478,writight,N,j,k,1.0109391864389181,1,single,2,[]
479,semplince,N,j,j,0.5744810812175274,1,single,2,[]
480,sprinkle,W,k,k,0.755393348634243,1,single,2,[]
481,irate,W,k,j,0.7728560250252485,1,single,2,[]
482,ruthless,W,k,k,0.5875016190111637,1,single,2,[]
483,slept,W,k,k,0.48253567330539227,1,single,2,[]
484,blonified,N,j,j,0.6038501523435116,1,single,2,[]
485,carnage,W,k,k,0.8690022937953472,1,single,2,[]
486,trimulite,N,j,j,0.5352890677750111,1,single,2,[]
487,snooker,W,k,k,0.6000131610780954,1,single,2,[]
488,grievance,W,k,k,0.7531389277428389,1,single,2,[]
489,ploming,N,j,j,0.6825523786246777,1,single,2,[]
490,interrore,N,j,j,0.8163633793592453,1,single,2,[]
491,eicify,N,j,j,0.7712782602757215,1,single,2,[]
492,epithet,W,k,j,0.6067911479622126,1,single,2,[]
493,glancing,P,d,k,0.6350629050284624,1,single,2,[]
494,sterpy,N,j,j,1.2494874745607376,1,single,2,[]
495,edifying,W,k,j,1.3407321888953447,1,single,2,[]
496,attirm,N,j,j,0.6030454952269793,1,single,2,[]
497,glancing,P,d,d,0.5801422242075205,1,single,2,[]
498,sosiful,N,j,j,0.8271787706762552,1,single,2,[]
499,vimpite,N,j,j,0.5431400295346975,1,single,2,[]
500,comsticant,N,j,k,0.7107850760221481,1,single,2,[]
501,paselle,N,j,j,0.8199527841061354,1,single,2,[]
502,drawl,W,k,k,0.5428605955094099,1,single,2,[]
503,stealth,W,k,k,0.518507856875658,1,single,2,[]
504,propagate,W,k,k,0.7560724094510078,1,single,2,[]
505,excitable,W,k,k,0.5814546756446362,1,single,2,[]
506,etshery,N,j,j,0.5815517250448465,1,single,2,[]
507,swamp,W,k,k,0.4845749568194151,1,single,2,[]
508,glancing,P,d,d,0.7018977925181389,1,single,2,[]
509,semblance,W,k,k,0.799918994307518,1,single,2,[]
510,envious,W,k,k,0.7927122376859188,1,single,2,[]
511,addinocy,N,j,j,0.6383560486137867,1,single,2,[]
512,animosity,W,k,k,1.2047749385237694,1,single,2,[]
513,flint,W,k,k,0.530740262940526,1,single,2,[]
514,adadation,N,j,j,0.6893294639885426,1,single,2,[]
515,balloas,N,j,j,0.7053036130964756,1,single,2,[]
516,carpenter,W,k,k,0.6353195067495108,1,single,2,[]
517,magnet,W,k,k,0.6417447403073311,1,single,2,[]
518,berirm,N,j,j,0.6502272896468639,1,single,2,[]
519,glancing,P,d,d,0.6038576643913984,1,single,2,[]
520,ilcanulate,N,j,j,0.6050015520304441,1,single,2,[]
521,sisation,N,j,j,0.455198073759675,1,single,2,[]
522,wiring,W,k,k,0.7072365321218967,1,single,2,[]
523,utmost,W,k,j,0.9252711813896894,1,single,2,[]
524,ancour,N,j,j,0.5801957082003355,1,single,2,[]
525,chone,N,j,j,0.5632047690451145,1,single,2,[]
526,lurge,N,j,j,1.174029115587473,1,single,2,[]
527,banter,W,k,j,0.45476059056818485,1,single,2,[]
528,dennarage,N,j,j,0.773921187967062,1,single,2,[]
529,glancing,P,d,d,1.1374722179025412,1,single,2,[]
530,bluff,W,k,k,1.33181275986135,1,single,2,[]
531,agility,W,k,k,0.5019093323498964,1,single,2,[]
532,chameleon,W,k,k,0.4893776588141918,1,single,2,[]
533,flurry,W,k,k,0.6255843006074429,1,single,2,[]
534,slunch,N,j,j,0.7898890264332294,1,single,2,[]
535,enact,W,k,k,0.77259461581707,1,single,2,[]
536,glancing,P,d,d,0.7520875856280327,1,single,2,[]
537,sturirt,N,j,j,0.6495193839073181,1,single,2,[]
538,shruy,N,j,j,0.8340580146759748,1,single,2,[]
539,abate,W,k,k,1.0071036964654922,1,single,2,[]
540,desolation,W,k,k,0.6715470887720585,1,single,2,[]
541,bastion,W,k,k,0.8442865908145905,1,single,2,[]
542,smath,N,j,j,0.8124843183904886,1,single,2,[]
543,conceding,W,k,j,1.4074024222791195,1,single,2,[]
544,glancing,P,d,d,0.7591023407876492,1,single,2,[]
545,therapies,W,k,j,3.3365484550595284,1,single,2,[]
546,grading,W,k,j,0.6595325246453285,1,single,2,[]
547,compound,W,k,k,0.5372943989932537,1,single,2,[]
548,mysilary,N,j,j,0.5609209015965462,1,single,2,[]
549,rubour,N,j,j,0.5637525245547295,1,single,2,[]
550,chloggle,N,j,j,0.5665528979152441,1,single,2,[]
551,sequential,W,k,j,0.5954904966056347,1,single,2,[]
552,vocabulary,W,k,k,0.5997403357177973,1,single,2,[]
553,plolding,N,j,j,0.5929010529071093,1,single,2,[]
554,dyncarion,N,j,j,0.4991200752556324,1,single,2,[]
555,conserving,W,k,k,0.9025145377963781,1,single,2,[]
556,oncologist,W,k,k,0.9250470325350761,1,single,2,[]
557,parlour,W,k,k,0.9207797665148973,1,single,2,[]
558,emphatic,W,k,k,0.6366376653313637,1,single,2,[]
559,crippling,W,k,k,0.7011415120214224,1,single,2,[]
560,populism,W,k,j,0.5810697730630636,1,single,2,[]
561,inmaniol,N,j,j,0.606188103556633,1,single,2,[]
562,imbaary,N,j,j,0.6723862998187542,1,single,2,[]
563,glancing,P,d,d,0.6141905039548874,1,single,2,[]
564,sewrendeel,N,j,j,0.6585028152912855,1,single,2,[]
565,enmubating,N,j,j,1.4051374848932028,1,single,2,[]
566,capeclon,N,j,j,0.5788096431642771,1,single,2,[]
567,illaxuous,N,j,j,0.945877967402339,1,single,2,[]
568,endorsing,W,k,k,0.7357111070305109,1,single,2,[]
569,captivity,W,k,k,0.4870303925126791,1,single,2,[]
570,glancing,P,d,k,0.4633032325655222,1,single,2,[]
571,triangular,W,k,k,0.6124180350452662,1,single,2,[]
572,lissily,N,j,j,0.6316384561359882,1,single,2,[]
573,atwansion,N,j,j,0.8231320511549711,1,single,2,[]
574,scoft,N,j,k,0.7481385171413422,1,single,2,[]
575,repetition,W,k,k,1.1836032699793577,1,single,2,[]
576,instonric,N,j,j,0.5374181941151619,1,single,2,[]
577,melodic,W,k,k,0.8261250257492065,1,single,2,[]
578,fencing,W,k,k,0.5351481474936008,1,single,2,[]
579,lelipall,N,j,j,0.5587923768907785,1,single,2,[]
580,spadment,N,j,k,0.9375856146216393,1,single,2,[]
581,intensify,W,k,k,0.6586251072585583,1,single,2,[]
582,glancing,P,d,d,0.605260256677866,1,single,2,[]
583,sulsceny,N,j,j,0.7023902647197247,1,single,2,[]
584,pogari,N,j,j,0.5823275372385979,1,single,2,[]
585,dedating,N,j,j,0.8303862810134888,1,single,2,[]
586,certisian,N,j,j,0.58828554302454,1,single,2,[]
587,dimmijuity,N,j,k,0.5555391982197762,1,single,2,[]
588,glancing,P,d,d,0.5465302262455225,1,single,2,[]
589,embargo,W,k,j,0.7722848318517208,1,single,2,[]
590,poker,W,k,k,4.034944880753756,1,single,2,[]
591,motivate,W,k,k,0.7504383102059364,1,single,2,[]
592,fundennies,N,j,j,0.8057363796979189,1,single,2,[]
593,intonsing,N,j,j,1.2865458559244871,1,single,2,[]
594,horizontal,W,k,k,0.5612012390047312,1,single,2,[]
595,elliptical,W,k,k,0.8221444077789783,1,single,2,[]
596,glancing,P,d,d,0.5631606001406908,1,single,2,[]
597,pultinide,N,j,j,0.6321011781692505,1,single,2,[]
598,qualifier,W,k,k,0.550500925630331,1,single,2,[]
599,preclude,W,k,j,0.5853166058659554,1,single,2,[]
600,bumbling,W,k,k,0.5544073302298784,1,single,2,[]
601,whacecuon,N,j,j,0.5812236126512289,1,single,2,[]
602,collapsing,W,k,k,0.5082492344081402,1,single,2,[]
603,spleed,N,j,k,0.6636820062994957,1,single,2,[]
604,intimidate,W,k,k,0.66144591383636,1,single,2,[]
605,quintet,W,k,k,0.9680886585265398,1,single,2,[]
606,deficient,W,k,k,0.7051617931574583,1,single,2,[]
607,devath,N,j,j,0.6271882057189941,1,single,2,[]
608,ratchet,W,k,k,0.6795137338340282,1,single,2,[]
609,entulging,N,j,j,0.8292757458984852,1,single,2,[]
610,frince,N,j,j,0.730330603197217,1,single,2,[]
611,glancing,P,d,d,0.5984675474464893,1,single,2,[]
612,termite,W,k,k,0.9286751989275217,1,single,2,[]
613,lablope,N,j,j,0.5724625289440155,1,single,2,[]
614,emerkabing,N,j,j,1.0194818284362555,1,single,2,[]
615,lertle,N,j,j,0.5329859703779221,1,single,2,[]
616,altinime,N,j,j,0.5977229848504066,1,single,2,[]
617,clamour,W,k,j,0.5348524861037731,1,single,2,[]
618,glancing,P,d,d,0.5696339122951031,1,single,2,[]
619,wrath,W,k,k,1.0785396713763475,1,single,2,[]
620,surpass,W,k,k,0.743453299626708,1,single,2,[]
621,amuse,W,k,k,0.6227619908750057,1,single,2,[]
622,droene,N,j,j,0.7891754135489464,1,single,2,[]
623,squaruous,N,j,k,0.6828080769628286,1,single,2,[]
624,conundrum,W,k,k,0.6106849275529385,1,single,2,[]
625,anscar,N,j,j,0.5888948943465948,1,single,2,[]
626,ruttle,N,j,j,0.5719084646552801,1,single,2,[]
627,seviant,N,j,j,1.1848144624382257,1,single,2,[]
628,glancing,P,d,d,0.6666254010051489,1,single,2,[]
629,shetish,N,j,k,0.8212628308683634,1,single,2,[]
630,shubney,N,j,k,0.80330197699368,1,single,2,[]
631,studdorn,N,j,j,0.6861991751939058,1,single,2,[]
632,ensyranct,N,j,j,0.7399708610028028,1,single,2,[]
633,flase,N,j,j,0.5712348129600286,1,single,2,[]
634,stosh,N,j,j,0.5442088004201651,1,single,2,[]
635,meditation,W,k,k,0.5310151912271976,1,single,2,[]
636,uthast,N,j,j,0.5546702407300472,1,single,2,[]
637,enceredge,N,j,j,0.645472364500165,1,single,2,[]
638,redemption,W,k,k,0.4939706325531006,1,single,2,[]
639,pacafla,N,j,j,0.6313166543841362,1,single,2,[]
640,chawl,N,j,j,0.7577388137578964,1,single,2,[]
641,misand,N,j,j,0.48713555559515953,1,single,2,[]
642,lapring,N,j,j,0.5284705180674791,1,single,2,[]
643,glancing,P,d,d,0.5819804966449738,1,single,2,[]
644,atrienes,N,j,j,0.9547096602618694,2,multi,2,[]
645,jidyl,N,j,j,0.42674483358860016,2,multi,2,[]
646,fosty,N,j,j,0.33057181909680367,2,multi,2,[]
647,pristine,W,k,j,0.3556033167988062,2,multi,2,[]
648,rurple,N,j,j,0.4759725220501423,2,multi,2,[]
649,bodidation,N,j,j,0.4832135308533907,2,multi,2,[]
650,pahistic,N,j,j,0.4594746530056,2,multi,2,[]
651,concottion,N,j,j,0.5205170959234238,2,multi,2,[]
652,canrital,N,j,j,0.37411583214998245,2,multi,2,[]
653,enthusiast,W,k,k,0.4844148065894842,2,multi,2,[]
654,liberties,P,d,k,0.5417278241366148,2,multi,2,[]
655,leedible,N,j,j,0.49337690509855747,2,multi,2,[]
656,weigh,W,k,j,0.41467648185789585,2,multi,2,[]
657,destert,N,j,j,0.5024919416755438,2,multi,2,[]
658,abusive,P,d,d,3.4578566271811724,2,multi,2,[]
659,fasituge,N,j,j,0.49379726126790047,2,multi,2,[]
660,musel,N,j,j,0.3991070669144392,2,multi,2,[]
661,queasy,W,k,j,0.36164665594697,2,multi,2,[]
662,grastling,N,j,j,0.6260368060320616,2,multi,2,[]
663,hethliness,N,j,j,0.886326452717185,2,multi,2,[]
664,sunisest,N,j,j,0.8107644338160753,2,multi,2,[]
665,sombre,W,k,k,0.7555697243660688,2,multi,2,[]
666,vehemence,W,k,j,0.6209513638168573,2,multi,2,[]
667,capturing,W,k,k,0.9873586557805538,2,multi,2,[]
668,nitch,N,j,j,0.9606559481471777,2,multi,2,[]
669,goblet,P,d,d,0.7126747276633978,2,multi,2,[]
670,motain,N,j,j,0.7946890238672495,2,multi,2,[]
671,fisel,N,j,j,0.39338613115251064,2,multi,2,[]
672,posiration,N,j,k,0.5719279944896698,2,multi,2,[]
673,reservoir,W,k,k,0.6509535256773233,2,multi,2,[]
674,crant,N,j,j,1.5565079096704721,2,multi,2,[]
675,asikeing,N,j,j,0.5582365095615387,2,multi,2,[]
676,gaddit,N,j,j,0.5130263958126307,2,multi,2,[]
677,tadle,N,j,j,0.5404478255659342,2,multi,2,[]
678,consake,N,j,j,0.6931397151201963,2,multi,2,[]
679,sarcastic,W,k,k,0.5330758113414049,2,multi,2,[]
680,arpide,N,j,j,0.7887165974825621,2,multi,2,[]
681,remnant,P,d,d,0.8034107480198145,2,multi,2,[]
682,knunties,N,j,j,0.5002113804221153,2,multi,2,[]
683,swilt,N,j,j,0.6155948974192142,2,multi,2,[]
684,molocanmum,N,j,j,0.4828544706106186,2,multi,2,[]
685,migrate,W,k,k,0.5461077652871609,2,multi,2,[]
686,uning,N,j,j,0.50785231590271,2,multi,2,[]
687,mimphlet,N,j,k,1.0403590369969606,2,multi,2,[]
688,deponsing,N,j,j,0.505170926451683,2,multi,2,[]
689,euphemism,W,k,j,0.7566165588796139,2,multi,2,[]
690,insitatois,N,j,j,0.5062393955886364,2,multi,2,[]
691,hereditary,P,d,k,0.70966462418437,2,multi,2,[]
692,epidemic,W,k,j,1.6476579774171114,2,multi,2,[]
693,etderies,N,j,j,0.4192562364041805,2,multi,2,[]
694,fliset,N,j,j,0.6991031300276518,2,multi,2,[]
695,ompredogy,N,j,j,0.5310064777731895,2,multi,2,[]
696,auturption,N,j,j,0.4906537514179945,2,multi,2,[]
697,utopia,P,d,d,0.6439691167324781,2,multi,2,[]
698,erplasiant,N,j,j,0.6284967493265867,2,multi,2,[]
699,denouncing,W,k,k,0.7629228103905916,2,multi,2,[]
700,sobnonary,N,j,j,0.8923382442444563,2,multi,2,[]
701,sporry,N,j,j,0.49191632494330406,2,multi,2,[]
702,deshies,N,j,j,0.6921707019209862,2,multi,2,[]
703,instalment,W,k,k,0.5731409881263971,2,multi,2,[]
704,adwording,N,j,j,0.7481793817132711,2,multi,2,[]
705,thyroid,W,k,k,0.7175780851393938,2,multi,2,[]
706,esplanade,W,k,k,0.7457326594740152,2,multi,2,[]
707,janbre,N,j,j,0.6010735165327787,2,multi,2,[]
708,fulblom,N,j,j,0.45923217572271824,2,multi,2,[]
709,travesty,W,k,k,0.8712663315236568,2,multi,2,[]
710,grefrenny,N,j,j,0.5055756587535143,2,multi,2,[]
711,incaisia,N,j,j,0.4290013574063778,2,multi,2,[]
712,elusive,P,d,d,0.756798043847084,2,multi,2,[]
713,bompling,N,j,j,0.6062310729175806,2,multi,2,[]
714,penofied,N,j,j,0.42336785793304443,2,multi,2,[]
715,velocity,W,k,k,0.7170735970139503,2,multi,2,[]
716,utbosis,N,j,j,0.45507037453353405,2,multi,2,[]
717,regulate,W,k,k,0.6430974528193474,2,multi,2,[]
718,extremist,W,k,k,0.6047266218811274,2,multi,2,[]
719,mediate,W,k,k,0.8218451403081417,2,multi,2,[]
720,nuirian,N,j,j,0.4967857301235199,2,multi,2,[]
721,charitable,P,d,k,1.026092752814293,2,multi,2,[]
722,ferligied,N,j,j,0.4996032305061817,2,multi,2,[]
723,despicable,W,k,k,0.5809072200208902,2,multi,2,[]
724,strire,N,j,j,0.8519563712179661,2,multi,2,[]
725,inkesing,N,j,j,0.6041470170021057,2,multi,2,[]
726,hydrogen,W,k,k,0.5012831538915634,2,multi,2,[]
727,approving,W,k,k,0.5666006747633219,2,multi,2,[]
728,deubirasm,N,j,j,0.45153174735605717,2,multi,2,[]
729,bramp,N,j,j,0.5654618963599205,2,multi,2,[]
730,terracotta,W,k,j,0.5143577754497528,2,multi,2,[]
731,alnoo,N,j,j,0.44997591711580753,2,multi,2,[]
732,valegies,N,j,j,1.3969692271202803,2,multi,2,[]
733,guslet,N,j,k,1.1434671804308891,2,multi,2,[]
734,remnant,P,d,d,0.9420163370668888,2,multi,2,[]
735,rigour,W,k,j,0.539923807606101,2,multi,2,[]
736,bembling,N,j,j,0.9027173537760973,2,multi,2,[]
737,timicarity,N,j,j,0.7103082295507193,2,multi,2,[]
738,dribble,W,k,k,0.7363057360053062,2,multi,2,[]
739,salecic,N,j,j,0.6225696913897991,2,multi,2,[]
740,stimulant,W,k,k,0.5628550238907337,2,multi,2,[]
741,tenure,W,k,k,1.3416987992823124,2,multi,2,[]
742,maniny,N,j,j,0.6306664384901524,2,multi,2,[]
743,compliment,W,k,k,0.46111671812832355,2,multi,2,[]
744,charitable,P,d,k,0.5302183479070663,2,multi,2,[]
745,hadfozard,N,j,j,0.5058602038770914,2,multi,2,[]
746,visibility,W,k,j,0.9652873836457729,2,multi,2,[]
747,sloundral,N,j,j,0.7465358134359121,2,multi,2,[]
748,utopia,P,d,d,0.587960734963417,2,multi,2,[]
749,compofose,N,j,j,1.1869243569672108,2,multi,2,[]
750,bimolity,N,j,j,0.8127706665545702,2,multi,2,[]
751,lobster,W,k,k,0.845574401319027,2,multi,2,[]
752,catomous,N,j,j,0.7646901700645685,2,multi,2,[]
753,elastic,W,k,k,1.0860850550234318,2,multi,2,[]
754,promarrity,N,j,j,0.9781805202364922,2,multi,2,[]
755,bulble,N,j,j,1.1403098497539759,2,multi,2,[]
756,plemic,N,j,j,0.43071072548627853,2,multi,2,[]
757,warchlet,N,j,j,0.48652229830622673,2,multi,2,[]
758,ubiquitous,W,k,k,0.9278398938477039,2,multi,2,[]
759,tesibinary,N,j,j,0.7625838797539473,2,multi,2,[]
760,imbravetu,N,j,k,1.0679965037852526,2,multi,2,[]
761,liberties,P,d,d,3.256028089672327,2,multi,2,[]
762,vebomidacy,N,j,j,0.7653530053794384,2,multi,2,[]
763,remetiest,N,j,j,0.7347520086914301,2,multi,2,[]
764,mosquito,W,k,k,0.6599417626857758,2,multi,2,[]
765,intestine,W,k,k,0.7985846102237701,2,multi,2,[]
766,loneliness,W,k,k,0.7412887178361416,2,multi,2,[]
767,connitzing,N,j,j,0.7245859298855066,2,multi,2,[]
768,retotont,N,j,j,0.4806757681071758,2,multi,2,[]
769,fanatic,W,k,j,0.47992549650371075,2,multi,2,[]
770,eucalypt,W,k,k,0.8913130406290293,2,multi,2,[]
771,plilal,N,j,j,0.6178234796971083,2,multi,2,[]
772,sotton,N,j,j,0.5501313507556915,2,multi,2,[]
773,grappling,W,k,k,0.7678904663771391,2,multi,2,[]
774,goblet,P,d,d,0.8764773700386286,2,multi,2,[]
775,revoyed,N,j,j,0.6968889720737934,2,multi,2,[]
776,orsial,N,j,j,0.5207965318113565,2,multi,2,[]
777,spider,W,k,k,0.7343316525220871,2,multi,2,[]
778,telte,N,j,j,0.6056361440569162,2,multi,2,[]
779,insignia,W,k,j,1.7827781215310097,2,multi,2,[]
780,abusive,P,d,d,0.8555001057684422,2,multi,2,[]
781,simmer,W,k,j,0.4626280777156353,2,multi,2,[]
782,lettuce,W,k,k,0.6217893715947866,2,multi,2,[]
783,dictum,W,k,k,0.45009520277380943,2,multi,2,[]
784,tantert,N,j,j,0.47604162991046906,2,multi,2,[]
785,cecucic,N,j,j,0.506221367046237,2,multi,2,[]
786,furtament,N,j,j,1.317603264003992,2,multi,2,[]
787,gouging,W,k,k,0.7564954701811075,2,multi,2,[]
788,slute,N,j,j,0.5179096236824989,2,multi,2,[]
789,idthibier,N,j,j,0.5485082156956196,2,multi,2,[]
790,quandary,W,k,j,0.8222528770565987,2,multi,2,[]
791,excrersing,N,j,j,1.2283109985291958,2,multi,2,[]
792,cathode,W,k,j,0.49241780675947666,2,multi,2,[]
793,shrundour,N,j,j,0.5117929689586163,2,multi,2,[]
794,hereditary,P,d,k,0.6112149562686682,2,multi,2,[]
795,wimitation,N,j,j,0.5253792889416218,2,multi,2,[]
796,proton,W,k,k,0.8189399037510157,2,multi,2,[]
797,immenis,N,j,j,0.5898711197078228,2,multi,2,[]
798,exorbitant,W,k,j,0.9419631529599428,2,multi,2,[]
799,insmaining,N,j,j,0.408026497811079,2,multi,2,[]
800,mitigating,W,k,j,0.7417580522596836,2,multi,2,[]
801,intermyll,N,j,j,0.5132424328476191,2,multi,2,[]
802,motive,W,k,k,0.5246293190866709,2,multi,2,[]
803,berserk,W,k,j,0.7141960021108389,2,multi,2,[]
804,elusive,P,d,d,0.7294583413749933,2,multi,2,['k']
805,lusserto,N,j,j,0.46959175541996956,2,multi,2,[]
806,aspespany,N,j,j,0.5408264175057411,2,multi,2,[]
807,plestrate,N,j,j,0.48444064892828465,2,multi,2,[]
808,raffle,W,k,j,0.523649187758565,2,multi,2,[]
809,utopia,P,d,d,0.5712519381195307,2,multi,2,[]
810,wompit,N,j,j,0.5681703258305788,2,multi,2,[]
811,remiturst,N,j,j,0.5410941354930401,2,multi,2,[]
812,reltirate,N,j,j,0.6457986738532782,2,multi,2,[]
813,flamingo,W,k,k,0.6622881274670362,2,multi,2,[]
814,pynasod,N,j,j,1.1059842370450497,2,multi,2,[]
815,cadelty,N,j,j,0.4631439857184887,2,multi,2,[]
816,descent,W,k,k,1.2042722515761852,2,multi,2,[]
817,flare,W,k,k,0.6502143684774637,2,multi,2,[]
818,brack,N,j,j,0.5387883335351944,2,multi,2,[]
819,illusory,W,k,k,0.8434675130993128,2,multi,2,[]
820,symbiosis,W,k,k,1.1876776330173016,2,multi,2,[]
821,obscenity,W,k,k,1.0635723937302828,2,multi,2,[]
822,precinct,W,k,k,0.6644680313766003,2,multi,2,[]
823,hereditary,P,d,d,0.7791328281164169,2,multi,2,[]
824,reloning,N,j,j,0.6066054571419954,2,multi,2,[]
825,nemesis,W,k,k,0.6648346055299044,2,multi,2,[]
826,appount,N,j,j,0.6274691447615623,2,multi,2,[]
827,eminence,W,k,j,0.9618836659938097,2,multi,2,[]
828,coppage,N,j,k,1.6450496036559343,2,multi,2,[]
829,dalding,N,j,j,0.7926530446857214,2,multi,2,[]
830,purge,W,k,k,0.654286028817296,2,multi,2,[]
831,utbiate,N,j,j,2.6948127280920744,2,multi,2,[]
832,charitable,P,d,k,0.7426534499973059,2,multi,2,[]
833,grenting,N,j,j,0.5819618664681911,2,multi,2,[]
834,aymid,N,j,j,0.5409610271453857,2,multi,2,[]
835,ralcury,N,j,j,0.5256857685744762,2,multi,2,[]
836,goblet,P,d,d,0.7152245081961155,2,multi,2,[]
837,rustirate,N,j,j,0.6212530340999365,2,multi,2,[]
838,conquer,W,k,k,1.0895765107125044,2,multi,2,[]
839,scurrilous,W,k,j,0.6376385278999805,2,multi,2,[]
840,enterpat,N,j,j,0.4722256697714329,2,multi,2,[]
841,gloom,W,k,k,0.9023231379687786,2,multi,2,[]
842,constegent,N,j,k,0.5259628016501665,2,multi,2,[]
843,gazauss,N,j,j,0.5367217063903809,2,multi,2,[]
844,greese,N,j,j,0.9123678263276815,2,multi,2,[]
845,sphire,N,j,j,0.5220564007759094,2,multi,2,[]
846,wheaker,N,j,j,0.7995797637850046,2,multi,2,[]
847,admonom,N,j,j,0.5364077147096395,2,multi,2,[]
848,shrine,W,k,k,0.8240337576717138,2,multi,2,[]
849,reignurst,N,j,j,0.6829420868307352,2,multi,2,[]
850,transcript,W,k,k,0.5367580633610487,2,multi,2,[]
851,espousing,W,k,j,0.6734505631029606,2,multi,2,[]
852,scaling,W,k,k,0.7533426452428102,2,multi,2,[]
853,elusive,P,d,k,2.017691032961011,2,multi,2,[]
854,insert,W,k,k,0.748244883492589,2,multi,2,[]
855,tukid,N,j,j,0.621642442420125,2,multi,2,[]
856,inducing,W,k,k,0.8840606138110161,2,multi,2,[]
857,remnant,P,d,d,0.8404354769736528,2,multi,2,[]
858,certified,W,k,k,0.7014786396175623,2,multi,2,[]
859,myrille,N,j,j,0.61340207234025,2,multi,2,[]
860,spashees,N,j,j,0.7137119472026825,2,multi,2,[]
861,stampill,N,j,j,0.5877182576805353,2,multi,2,[]
862,pulity,N,j,j,0.8668031599372625,2,multi,2,[]
863,furdall,N,j,j,0.48502025194466114,2,multi,2,[]
864,vilified,W,k,j,0.4762765970081091,2,multi,2,[]
865,gleam,W,k,j,0.6476258262991905,2,multi,2,[]
866,cosmic,W,k,k,0.6822747439146042,2,multi,2,[]
867,conructune,N,j,j,0.6240864600986242,2,multi,2,[]
868,burple,N,j,j,0.9083766918629408,2,multi,2,[]
869,sahriging,N,j,j,0.564998572692275,2,multi,2,[]
870,demadating,N,j,j,0.8019162137061357,2,multi,2,[]
871,zidquini,N,j,j,0.4507355038076639,2,multi,2,[]
872,disdain,W,k,j,0.6526487730443478,2,multi,2,[]
873,liberties,P,d,d,0.8264224883168936,2,multi,2,[]
874,interdilk,N,j,j,0.5493363086134195,2,multi,2,[]
875,wiping,W,k,k,0.9980048853904009,2,multi,2,[]
876,plundafy,N,j,j,1.2054116316139698,2,multi,2,[]
877,interpret,W,k,k,0.5954541396349669,2,multi,2,[]
878,ecologist,W,k,k,0.7336192391812801,2,multi,2,[]
879,lethargic,W,k,k,0.7318650986999273,2,multi,2,[]
880,abusive,P,d,d,0.737091762945056,2,multi,2,[]
881,excavating,W,k,k,0.6483968310058117,2,multi,2,[]
882,strell,N,j,j,0.4889290574938059,2,multi,2,[]
883,stute,N,j,k,0.7302437666803598,2,multi,2,[]
884,botunious,N,j,k,0.627579415217042,2,multi,2,[]
885,incarrity,N,j,j,1.1160827111452818,2,multi,2,[]
886,dissection,W,k,k,2.380381517112255,2,multi,2,[]
887,bewer,N,j,j,0.6207350250333548,2,multi,2,[]
888,utter,W,k,k,0.9071513805538416,2,multi,2,[]
889,appellate,W,k,j,0.5397780779749155,2,multi,2,[]
890,elusive,P,d,d,0.7105302773416042,2,multi,2,[]
891,aminofy,N,j,j,0.5285828933119774,2,multi,2,[]
892,lovingly,W,k,k,0.9031476266682148,2,multi,2,[]
893,preserving,W,k,k,0.6776868794113398,2,multi,2,[]
894,obnoxious,W,k,k,0.5315019525587559,2,multi,2,[]
895,baddigible,N,j,j,0.5071438085287809,2,multi,2,[]
896,replicate,W,k,k,0.6145585794001818,2,multi,2,[]
897,destrame,N,j,j,0.5389481838792562,2,multi,2,[]
898,thyme,W,k,k,1.1545262541621923,2,multi,2,[]
899,condemn,W,k,k,0.7520941942930222,2,multi,2,[]
900,trombonist,W,k,k,0.8095096722245216,2,multi,2,[]
901,retlisied,N,j,j,1.0044174995273352,2,multi,2,[]
902,miscack,N,j,j,0.875828355550766,2,multi,2,[]
903,hereditary,P,d,d,1.0882298052310944,2,multi,2,[]
904,physique,W,k,k,0.7392857894301414,2,multi,2,[]
905,anonymity,W,k,k,1.8105474933981895,2,multi,2,[]
906,hocticrous,N,j,j,1.835310971364379,2,multi,2,[]
907,afflict,W,k,k,0.8322717249393463,2,multi,2,[]
908,unkiche,N,j,j,1.413309346884489,2,multi,2,[]
909,beard,W,k,k,0.6749844588339329,2,multi,2,[]
910,platinum,W,k,k,1.080758936703205,2,multi,2,[]
911,instident,N,j,j,1.2517728451639414,2,multi,2,[]
912,abusive,P,d,d,0.7931995987892151,2,multi,2,[]
913,compulsive,W,k,k,0.6148034613579512,2,multi,2,[]
914,fantamiate,N,j,j,0.611127819865942,2,multi,2,[]
915,flole,N,j,j,0.7034268826246262,2,multi,2,[]
916,defiche,N,j,j,0.5673611611127853,2,multi,2,[]
917,casaryll,N,j,j,0.5322834737598896,2,multi,2,[]
918,fusiphous,N,j,j,0.5649769380688667,2,multi,2,[]
919,etuping,N,j,j,0.49685183353722095,2,multi,2,[]
920,trapeze,W,k,j,0.49012432619929314,2,multi,2,[]
921,confibite,N,j,j,0.7655516155064106,2,multi,2,['d']
922,charitable,P,d,d,0.8949955943971872,2,multi,2,[]
923,frell,N,j,j,0.6694873739033937,2,multi,2,[]
924,scarcity,W,k,k,1.5212340150028467,2,multi,2,[]
925,lening,N,j,k,0.5986766740679741,2,multi,2,[]
926,frenetic,W,k,j,0.5869436468929052,2,multi,2,[]
927,stalk,W,k,k,0.5650911163538694,2,multi,2,[]
928,deodorant,W,k,k,0.8020147662609816,2,multi,2,[]
929,goblet,P,d,d,0.6108282525092363,2,multi,2,[]
930,soppre,N,j,j,0.6871393416076899,2,multi,2,[]
931,continuity,W,k,k,1.1430477276444435,2,multi,2,[]
932,papgical,N,j,j,0.8995576202869415,2,multi,2,[]
933,amoesaa,N,j,j,0.6580716408789158,2,multi,2,[]
934,patio,W,k,k,0.7577865868806839,2,multi,2,[]
935,testified,W,k,k,0.687189219519496,2,multi,2,[]
936,frustrate,W,k,k,0.9590781833976507,2,multi,2,[]
937,utopia,P,d,d,0.6950804460793734,2,multi,2,[]
938,identities,W,k,k,0.8710118345916271,2,multi,2,[]
939,refrain,W,k,k,0.6573409009724855,2,multi,2,[]
940,symmetry,W,k,k,0.8039720244705677,2,multi,2,[]
941,blazer,W,k,k,1.5647873412817717,2,multi,2,[]
942,ditefivity,N,j,j,2.9355538431555033,2,multi,2,[]
943,dright,N,j,j,0.8112626112997532,2,multi,2,[]
944,hamphe,N,j,j,0.5101929698139429,2,multi,2,[]
945,emptiness,W,k,k,0.6176038347184658,2,multi,2,[]
946,cordial,W,k,k,0.6939119193702936,2,multi,2,[]
947,tuxedo,W,k,k,0.5407990757375956,2,multi,2,[]
948,cuefulate,N,j,j,0.5894793085753918,2,multi,2,[]
949,casserole,W,k,k,0.6685066409409046,2,multi,2,[]
950,liberties,P,d,d,1.1842357572168112,2,multi,2,[]
951,spacious,W,k,k,0.6200748961418867,2,multi,2,[]
952,enticing,W,k,k,0.7924087624996901,2,multi,2,[]
953,tursworce,N,j,j,0.5740565191954374,2,multi,2,[]
954,mischief,W,k,j,0.570964990183711,2,multi,2,[]
955,baton,W,k,k,0.6979580409824848,2,multi,2,[]
956,floftling,N,j,j,0.5469349566847086,2,multi,2,[]
957,toving,N,j,j,0.9086948912590742,2,multi,2,[]
958,ilmesable,N,j,j,0.6223891098052263,2,multi,2,[]
959,lattall,N,j,j,0.4928018059581518,2,multi,2,[]
960,destruct,W,k,k,0.5580757595598698,2,multi,2,[]
961,indulging,W,k,k,0.5150245167315006,2,multi,2,[]
962,reprimand,W,k,k,0.6885611638426781,2,multi,2,[]
963,sticker,W,k,k,0.47249639220535755,2,multi,2,[]
964,panther,W,k,k,0.5665937624871731,2,multi,2,[]
965,remnant,P,d,k,0.5075563527643681,2,multi,2,[]
966,iteprany,N,j,j,1.130722476169467,2,multi,2,[]
967,centaur,W,k,j,0.45310680754482746,2,multi,2,[]
968,stiargenar,N,j,j,0.5952344965189695,2,multi,2,[]
969,coyote,W,k,k,0.7094443812966347,2,multi,2,[]
970,rehearsing,W,k,k,0.5994617994874716,2,multi,2,[]
971,snile,N,j,k,0.7126068212091923,2,multi,2,[]
972,lixty,N,j,j,1.0798413045704365,2,multi,2,[]
973,baderaque,N,j,j,0.7159369215369225,2,multi,2,[]
974,introrth,N,j,j,0.4219144880771637,2,multi,2,[]
975,vibilite,N,j,j,0.5017750225961208,2,multi,2,[]
976,infusion,W,k,k,0.6241564694792032,2,multi,2,[]
977,abusive,P,d,k,0.420457212254405,2,multi,2,[]
978,obedience,W,k,j,0.6021738350391388,2,multi,2,[]
979,grint,N,j,j,0.5845047384500504,2,multi,2,[]
980,cleansing,W,k,k,0.663572333753109,2,multi,2,[]
981,diadocer,N,j,j,1.2912713382393122,2,multi,2,[]
982,parodied,W,k,j,0.5409535150974989,2,multi,2,[]
983,faminic,N,j,j,0.5618006754666567,2,multi,2,[]
984,afabible,N,j,j,0.5165509004145861,2,multi,2,[]
985,maloste,N,j,j,1.018124308437109,2,multi,2,[]
986,fraze,N,j,j,0.49962516501545906,2,multi,2,[]
987,charitable,P,d,d,0.7649464700371027,2,multi,2,[]
988,boggling,W,k,j,0.6143590677529573,2,multi,2,[]
989,guise,W,k,j,0.436793128028512,2,multi,2,[]
990,cuppation,N,j,j,0.6818024069070816,2,multi,2,[]
991,ludied,N,j,j,0.5425369888544083,2,multi,2,[]
992,sefiening,N,j,k,1.047249699011445,2,multi,2,[]
993,smitter,N,j,k,0.7841113023459911,2,multi,2,[]
994,plateau,W,k,d,0.4090060256421566,2,multi,2,[]
995,hereditary,P,d,d,0.7606404442340136,2,multi,2,[]
996,transtrift,N,j,j,0.7401694692671299,2,multi,2,[]
997,depleting,W,k,k,0.9394746664911509,2,multi,2,[]
998,typing,W,k,k,1.144311198964715,2,multi,2,[]
999,lenient,W,k,k,0.9338934477418661,2,multi,2,[]
1000,forlale,N,j,j,0.6117939595133066,2,multi,2,[]
1001,elusive,P,d,d,0.8321037627756596,2,multi,2,[]
1002,mancition,N,j,k,0.6451358385384083,2,multi,2,[]
1003,applicant,W,k,k,0.51970642991364,2,multi,2,[]
1004,fortress,W,k,k,0.5743179265409708,2,multi,2,[]
1005,furnish,W,k,k,0.5872456189244986,2,multi,2,[]
1006,brilliance,W,k,k,1.1622645426541567,2,multi,2,[]
1007,endexing,N,j,j,0.8659453187137842,2,multi,2,[]
1008,retentive,W,k,k,1.0522459018975496,2,multi,2,[]
1009,sparse,W,k,k,0.5539809614419937,2,multi,2,[]
1010,pessimism,W,k,k,0.8927877452224493,2,multi,2,[]
1011,tempt,W,k,k,0.6432957649230957,2,multi,2,[]
1012,reliably,W,k,k,0.732909832149744,2,multi,2,[]
1013,semiran,N,j,j,0.595129331573844,2,multi,2,[]
1014,liberties,P,d,d,0.6853440385311842,2,multi,2,[]
1015,sanyment,N,j,j,0.533266007900238,2,multi,2,[]
1016,dicuttic,N,j,j,0.5089045576751232,2,multi,2,[]
1017,lecturing,W,k,k,0.7523384783416986,2,multi,2,[]
1018,cavalry,W,k,k,0.8737403955310583,2,multi,2,[]
1019,sacation,N,j,j,0.8120489399880171,2,multi,2,[]
1020,rosit,N,j,j,0.7648626379668713,2,multi,2,[]
1021,dolenility,N,j,j,0.5822584293782711,2,multi,2,[]
1022,equivocal,W,k,j,0.4772987924516201,2,multi,2,[]
1023,indignant,W,k,k,0.8465362042188644,2,multi,2,[]
1024,remnant,P,d,d,0.7107625398784876,2,multi,2,[]
1025,fathiup,N,j,j,0.584787780418992,2,multi,2,[]
1026,swade,N,j,j,0.5758019462227821,2,multi,2,[]
1027,milarclily,N,j,j,0.6287740804255009,2,multi,2,[]
1028,catod,N,j,j,0.5311495028436184,2,multi,2,[]
1029,berapsing,N,j,j,0.6118537541478872,2,multi,2,[]
1030,colpharent,N,j,j,0.5601736344397068,2,multi,2,[]
1031,patriot,W,k,k,0.5480337738990784,2,multi,2,[]
1032,parlake,N,j,j,0.7007500026375055,2,multi,2,[]
1033,trence,N,j,k,0.7246300987899303,2,multi,2,[]
1034,reshax,N,j,j,1.1878816522657871,2,multi,2,[]
1035,stature,W,k,j,0.7597955241799355,2,multi,2,[]
1036,mandate,W,k,k,0.755310719832778,2,multi,2,[]
1037,goblet,P,d,d,0.6047320310026407,2,multi,2,[]
1038,burgeoning,W,k,k,1.4548672568053007,2,multi,2,[]
1039,maturing,W,k,k,0.8268816079944372,2,multi,2,[]
1040,affidavit,W,k,j,0.6618311144411564,2,multi,2,[]
1041,driest,W,k,j,0.4755572732537985,2,multi,2,[]
1042,utopia,P,d,d,0.6757990308105946,2,multi,2,[]
1043,adlar,N,j,j,0.6715011168271303,2,multi,2,[]
1044,innovate,W,k,k,0.5413110740482807,2,multi,2,[]
1045,lemothous,N,j,j,0.7409485876560211,2,multi,2,[]
1046,succulent,W,k,k,0.6042530834674835,2,multi,2,[]
1047,esove,N,j,j,0.5494096223264933,2,multi,2,[]
1048,drissling,N,j,k,0.854086397215724,2,multi,2,[]
1049,motar,N,j,k,0.8264678586274385,2,multi,2,[]
1050,ucatean,N,j,j,0.706619668751955,2,multi,2,[]
1051,halstrang,N,j,j,0.6206551026552916,2,multi,2,[]
1052,liberties,P,d,d,0.6030620224773884,2,multi,2,[]
1053,biberition,N,j,j,0.7812655586749315,2,multi,2,[]
1054,chimack,N,j,j,0.5628928821533918,2,multi,2,[]
1055,clutch,W,k,k,0.6137166637927294,2,multi,2,[]
1056,tepid,W,k,j,0.5769503377377987,2,multi,2,[]
1057,segotath,N,j,j,0.5791278406977654,2,multi,2,[]
1058,mound,W,k,k,0.610150994732976,2,multi,2,[]
1059,interlude,W,k,k,0.6443203650414944,2,multi,2,[]
1060,epmactic,N,j,j,0.5387841258198023,2,multi,2,[]
1061,remnant,P,d,d,0.8834810089319944,2,multi,2,[]
1062,skelt,N,j,j,0.7838931623846292,2,multi,2,[]
1063,debatable,W,k,k,0.7335176803171635,2,multi,2,[]
1064,colbic,N,j,j,0.5547189153730869,2,multi,2,[]
1065,fligulate,N,j,k,0.6615348514169455,2,multi,2,[]
1066,hassle,W,k,k,3.730268707498908,2,multi,2,[]
1067,hesitation,W,k,k,2.855309307575226,2,multi,2,[]
1068,despondent,W,k,j,0.7513511348515749,2,multi,2,[]
1069,ignite,W,k,k,0.5548670459538698,2,multi,2,[]
1070,raving,W,k,k,0.5886479094624519,2,multi,2,[]
1071,reflex,W,k,k,0.7887508496642113,2,multi,2,[]
1072,potchet,N,j,j,0.7303726691752672,2,multi,2,[]
1073,inticikess,N,j,j,1.2315780017524958,2,multi,2,[]
1074,obtinatua,N,j,j,0.6348645947873592,2,multi,2,[]
1075,catodous,N,j,j,0.4833808932453394,2,multi,2,[]
1076,goblet,P,d,d,0.5806890781968832,2,multi,2,[]
1077,interpuse,N,j,j,0.8757409211248159,2,multi,2,[]
1078,damigary,N,j,j,0.4881466366350651,2,multi,2,[]
1079,secutoor,N,j,j,0.545456949621439,2,multi,2,[]
1080,delete,W,k,k,0.7952175494283438,2,multi,2,[]
1081,stervim,N,j,j,0.7459063306450844,2,multi,2,[]
1082,ensuing,W,k,k,1.2972236331552267,2,multi,2,[]
1083,shroux,N,j,j,0.5409733466804028,2,multi,2,[]
1084,shudeing,N,j,j,0.597601592540741,2,multi,2,[]
1085,edquitic,N,j,j,0.527830820530653,2,multi,2,[]
1086,needle,W,k,k,0.5653735585510731,2,multi,2,[]
1087,elusive,P,d,d,0.9862748626619577,2,multi,2,[]
1088,purmant,N,j,j,0.5915883015841246,2,multi,2,[]
1089,unare,N,j,j,0.7186144050210714,2,multi,2,[]
1090,iltudition,N,j,j,0.7877574972808361,2,multi,2,[]
1091,sland,N,j,j,0.5694473199546337,2,multi,2,[]
1092,commute,W,k,d,0.9583603627979755,2,multi,2,[]
1093,utopia,P,d,d,0.6164539400488138,2,multi,2,[]
1094,vexatious,W,k,j,0.540764220058918,2,multi,2,[]
1095,grasy,N,j,j,0.5515384487807751,2,multi,2,[]
1096,oslille,N,j,j,0.51433433778584,2,multi,2,[]
1097,seizing,W,k,k,0.6457677260041237,2,multi,2,[]
1098,cimnus,N,j,k,0.7262992057949305,2,multi,2,[]
1099,sagiaromy,N,j,j,0.5596721526235342,2,multi,2,[]
1100,blaming,W,k,k,0.554480342194438,2,multi,2,[]
1101,shaky,W,k,k,0.597304729744792,2,multi,2,[]
1102,vinyl,W,k,k,0.7024407424032688,2,multi,2,[]
1103,festive,W,k,k,0.518383763730526,2,multi,2,[]
1104,charitable,P,d,d,0.6929519213736057,2,multi,2,[]
1105,erpusingly,N,j,j,0.8208668120205402,2,multi,2,[]
1106,ashiotian,N,j,j,0.6397769674658775,2,multi,2,[]
1107,sognathous,N,j,j,0.560289615765214,2,multi,2,[]
1108,extinseard,N,j,j,0.5332461763173342,2,multi,2,[]
1109,poving,N,j,j,1.0208814144134521,2,multi,2,[]
1110,evolve,W,k,k,0.5503924582153559,2,multi,2,[]
1111,veterinary,W,k,k,0.6310952082276344,2,multi,2,[]
1112,hereditary,P,d,d,0.7735149525105953,2,multi,2,[]
1113,carynx,N,j,j,0.8970538079738617,2,multi,2,[]
1114,retaliate,W,k,k,0.8406109511852264,2,multi,2,[]
1115,inclusive,W,k,d,0.6696403119713068,2,multi,2,[]
1116,cympy,N,j,j,0.6833906881511211,2,multi,2,[]
1117,prowess,W,k,j,0.5372442211955786,2,multi,2,[]
1118,congeave,N,j,j,0.5959814637899399,2,multi,2,[]
1119,catharsis,W,k,j,0.6211253367364407,2,multi,2,[]
1120,protuging,N,j,j,1.3714695982635021,2,multi,2,[]
1121,hysterical,W,k,k,0.48975234292447567,2,multi,2,[]
1122,exolcitest,N,j,k,0.5470845904201269,2,multi,2,[]
1123,abusive,P,d,d,0.6719863750040531,2,multi,2,[]
1124,lystoden,N,j,j,0.6047034859657288,2,multi,2,[]
1125,feasible,W,k,k,1.8389292228966951,2,multi,2,[]
1126,pounfly,N,j,j,0.6039081439375877,2,multi,2,[]
1127,puzzle,W,k,k,1.4941052440553904,2,multi,2,[]
1128,barsage,N,j,k,0.9663206972181797,2,multi,2,[]
1129,chost,N,j,j,0.585467740893364,2,multi,2,[]
1130,drasing,N,j,j,0.71249895170331,2,multi,2,[]
1131,obsolete,W,k,k,0.6595866084098816,2,multi,2,[]
1132,etslily,N,j,j,0.6622178182005882,2,multi,2,[]
1133,glasoor,N,j,j,1.169921100139618,2,multi,2,[]
1134,coalesce,W,k,j,0.5866413749754429,2,multi,2,[]
1135,pastanic,N,j,j,0.5727810263633728,2,multi,2,[]
1136,goblet,P,d,d,0.7297311667352915,2,multi,2,[]
1137,chambseur,N,j,j,0.5749239753931761,2,multi,2,[]
1138,cucopser,N,j,j,0.4779529143124819,2,multi,2,[]
1139,garment,W,k,k,1.484108930453658,2,multi,2,[]
1140,elusive,P,d,d,0.6512666121125221,2,multi,2,[]
1141,ascissibly,N,j,j,0.7958100754767656,2,multi,2,[]
1142,niquodan,N,j,j,0.6126046255230904,2,multi,2,[]
1143,epraiting,N,j,j,0.600918173789978,2,multi,2,[]
1144,pomboes,N,j,j,0.5220323633402586,2,multi,2,[]
1145,bemiiphy,N,j,j,0.6315945871174335,2,multi,2,[]
1146,epitome,W,k,k,1.1099804770201445,2,multi,2,[]
1147,equation,W,k,k,0.5401903241872787,2,multi,2,[]
1148,durability,W,k,k,0.5488904118537903,2,multi,2,[]
1149,charitable,P,d,d,0.7506354171782732,2,multi,2,[]
1150,tidal,W,k,k,0.7259497605264187,2,multi,2,[]
1151,stigma,W,k,k,0.6100869942456484,2,multi,2,[]
1152,commagrous,N,j,k,1.05229277536273,2,multi,2,[]
1153,gigantic,W,k,k,0.5171455293893814,2,multi,2,[]
1154,debuse,N,j,k,0.674659950658679,2,multi,2,[]
1155,saliming,N,j,j,0.6585565991699696,2,multi,2,[]
1156,conjack,N,j,j,1.0862500127404928,2,multi,2,[]
1157,stishation,N,j,j,0.6972221918404102,2,multi,2,[]
1158,senoloire,N,j,j,0.46517816185951233,2,multi,2,[]
1159,emognance,N,j,j,0.5012182537466288,2,multi,2,[]
1160,figurative,W,k,k,0.6225267238914967,2,multi,2,[]
1161,majestic,W,k,k,0.8108332399278879,2,multi,2,[]
1162,liberties,P,d,d,0.9076720923185349,2,multi,2,[]
1163,secrecy,W,k,j,0.6442804001271725,2,multi,2,[]
1164,interrupt,W,k,k,0.5519368704408407,2,multi,2,[]
1165,solitary,W,k,k,1.0747600682079792,2,multi,2,[]
1166,umakaa,N,j,j,0.5737596545368433,2,multi,2,[]
1167,molyeptal,N,j,j,0.5226555354893208,2,multi,2,[]
1168,timid,W,k,k,1.080215087160468,2,multi,2,[]
1169,fubdulence,N,j,j,1.0842657145112753,2,multi,2,[]
1170,acronym,W,k,k,0.6952850669622421,2,multi,2,[]
1171,impossibly,W,k,k,0.5111980400979519,2,multi,2,[]
1172,redibanny,N,j,j,0.64261369779706,2,multi,2,[]
1173,twilight,W,k,k,0.6922262869775295,2,multi,2,[]
1174,welcoming,W,k,k,0.51613475009799,2,multi,2,[]
1175,liral,N,j,j,0.5536750853061676,2,multi,2,[]
1176,miscleaf,N,j,j,0.7234125975519419,2,multi,2,[]
1177,utopia,P,d,d,0.6625101733952761,2,multi,2,[]
1178,sensation,W,k,k,0.7371356319636106,2,multi,2,[]
1179,resumption,W,k,k,0.518342599272728,2,multi,2,[]
1180,cantet,N,j,j,0.5718961451202631,2,multi,2,[]
1181,biscuit,W,k,k,1.6888228710740805,2,multi,2,[]
1182,hereditary,P,d,d,0.9585763998329639,2,multi,2,[]
1183,ancinging,N,j,j,0.5665826462209225,2,multi,2,[]
1184,stase,N,j,j,0.7075108624994755,2,multi,2,[]
1185,fossil,W,k,k,0.7895473930984735,2,multi,2,[]
1186,sepulize,N,j,j,1.0602224618196487,2,multi,2,[]
1187,lerraid,N,j,j,0.48512842133641243,2,multi,2,[]
1188,abusive,P,d,d,1.0064387563616037,2,multi,2,[]
1189,silliness,W,k,k,1.0458140578120947,2,multi,2,[]
1190,rambling,W,k,k,0.5806464124470949,2,multi,2,[]
1191,gambit,W,k,j,0.6436758562922478,2,multi,2,[]
1192,sloping,W,k,k,0.8462402429431677,2,multi,2,[]
1193,huddle,W,k,k,0.630455207079649,2,multi,2,[]
1194,votty,N,j,k,0.5248970370739698,2,multi,2,[]
1195,leopard,W,k,k,0.7436552159488201,2,multi,2,[]
1196,stral,N,j,j,1.1578978206962347,2,multi,2,[]
1197,thermal,W,k,k,0.6375697199255228,2,multi,2,[]
1198,sheriff,W,k,k,0.731925193220377,2,multi,2,[]
1199,jantack,N,j,j,0.650247722864151,2,multi,2,[]
1200,ecocing,N,j,j,1.587852567434311,2,multi,2,[]
1201,abiding,W,k,k,0.7798824980854988,2,multi,2,[]
1202,canoe,W,k,k,0.6394109968096018,2,multi,2,[]
1203,tursish,N,j,j,0.8367589339613914,2,multi,2,[]
1204,remnant,P,d,d,0.8108317367732525,2,multi,2,[]
1205,odmissive,N,j,k,0.6116659622639418,2,multi,2,[]
1206,slack,W,k,k,0.5609671734273434,2,multi,2,[]
1207,balconies,W,k,k,0.667774697765708,2,multi,2,[]
1208,bluttle,N,j,j,0.567483451217413,2,multi,2,[]
1209,finite,W,k,k,0.8044037986546755,2,multi,2,[]
1210,chauffeur,W,k,k,0.7572027761489153,2,multi,2,[]
1211,isolate,W,k,k,0.6226171664893627,2,multi,2,[]
1212,blatant,W,k,k,0.5810409281402826,2,multi,2,[]
1213,bouncing,W,k,k,0.6920637339353561,2,multi,2,[]
1214,abundance,W,k,k,0.691993422806263,2,multi,2,[]
1215,elusive,P,d,d,0.6679032985121012,2,multi,2,[]
1216,comprekack,N,j,j,0.5916009210050106,2,multi,2,[]
1217,polar,W,k,k,0.8466350603848696,2,multi,2,[]
1218,sprave,N,j,j,1.181758388876915,2,multi,2,[]
1219,swanchter,N,j,j,0.5595513638108969,2,multi,2,[]
1220,abusive,P,d,d,0.7623675409704447,2,multi,2,[]
1221,spizing,N,j,k,1.7477764524519444,2,multi,2,[]
1222,edigagic,N,j,j,0.8551563676446676,2,multi,2,"['j', 's', 'd']"
1223,halve,W,k,k,0.6313995830714703,2,multi,2,[]
1224,appliance,W,k,k,0.8218262102454901,2,multi,2,[]
1225,mazip,N,j,j,0.5607331078499556,2,multi,2,[]
1226,impunity,W,k,j,1.2355532106012106,2,multi,2,[]
1227,connesnate,N,j,j,0.8888852503150702,2,multi,2,[]
1228,lynanfy,N,j,j,0.5973149444907904,2,multi,2,[]
1229,differ,W,k,k,3.854489928111434,2,multi,2,[]
1230,strive,W,k,k,0.47852620854973793,2,multi,2,[]
1231,thirst,W,k,k,0.4686720184981823,2,multi,2,[]
1232,inscusage,N,j,j,0.809762068092823,2,multi,2,[]
1233,goblet,P,d,d,0.5966713409870863,2,multi,2,[]
1234,duplex,W,k,j,4.0378125589340925,2,multi,2,[]
1235,shemble,N,j,j,0.6364438626915216,2,multi,2,[]
1236,cessation,W,k,k,0.7309222258627415,2,multi,2,[]
1237,corswer,N,j,j,0.6560645066201687,2,multi,2,[]
1238,canyon,W,k,k,0.658698720857501,2,multi,2,[]
1239,intosnant,N,j,j,0.5664077717810869,2,multi,2,[]
1240,agnostic,W,k,k,0.635324914008379,2,multi,2,[]
1241,chore,W,k,k,4.6838495042175055,2,multi,2,[]
1242,huxuratism,N,j,j,0.9694846384227276,2,multi,2,[]
1243,charitable,P,d,d,0.7876075655221939,2,multi,2,[]
1244,trupor,N,j,k,0.9143067542463541,2,multi,2,[]
1245,pungine,N,j,j,0.4801751859486103,2,multi,2,[]
1246,grimbling,N,j,j,1.0302840005606413,2,multi,2,[]
1247,commurnive,N,j,j,0.611000120639801,2,multi,2,[]
1248,accaramos,N,j,j,1.9022618420422077,2,multi,2,[]
1249,magisy,N,j,j,0.4847396146506071,2,multi,2,[]
1250,waping,N,j,j,1.0460294932127,2,multi,2,[]
1251,canlilare,N,j,j,0.5557894874364138,2,multi,2,[]
1252,haphazard,W,k,j,0.6145925335586071,2,multi,2,[]
1253,manoeuvre,W,k,k,1.500972168520093,2,multi,2,[]
1254,utopia,P,d,d,0.630252992734313,2,multi,2,[]
1255,quarries,W,k,k,1.0126641802489758,2,multi,2,[]
1256,plunzied,N,j,j,0.6840736530721188,2,multi,2,[]
1257,pigeon,W,k,k,0.5138833355158567,2,multi,2,[]
1258,atlegitous,N,j,j,0.725304052233696,2,multi,2,[]
1259,allurity,N,j,k,1.5934385918080807,2,multi,2,[]
1260,hereditary,P,d,d,0.6856631375849247,2,multi,2,[]
1261,sposter,N,j,j,0.5394734032452106,2,multi,2,[]
1262,fivish,N,j,j,0.779116602614522,2,multi,2,[]
1263,mageing,N,j,j,0.7916981521993876,2,multi,2,[]
1264,robot,W,k,k,0.5493411161005497,2,multi,2,[]
1265,coward,W,k,k,0.5761486869305372,2,multi,2,[]
1266,digibul,N,j,j,0.6370769515633583,2,multi,2,[]
1267,avatar,W,k,k,0.5954847875982523,2,multi,2,[]
1268,remnant,P,d,d,0.6206253543496132,2,multi,2,[]
1269,grumolous,N,j,j,0.7048874646425247,2,multi,2,[]
1270,evocative,W,k,j,1.1160268224775791,2,multi,2,[]
1271,contrafold,N,j,k,0.7924958989024162,2,multi,2,[]
1272,arcade,W,k,k,0.9873652663081884,2,multi,2,[]
1273,starvation,W,k,k,0.7286596950143576,2,multi,2,[]
1274,propulsion,W,k,k,1.0288011860102415,2,multi,2,[]
1275,potication,N,j,j,0.6553665176033974,2,multi,2,[]
1276,lendin,N,j,j,0.5140095315873623,2,multi,2,[]
1277,brafing,N,j,j,0.581438448280096,2,multi,2,[]
1278,icotous,N,j,j,0.5324730705469847,2,multi,2,[]
1279,caerfoon,N,j,j,0.5731436926871538,2,multi,2,[]
1280,cartel,W,k,k,0.6362103968858719,2,multi,2,[]
1281,abolish,W,k,k,0.5226239860057831,2,multi,2,[]
1282,deter,W,k,k,0.7761554773896933,2,multi,2,[]
1283,liberties,P,d,d,0.7167478892952204,2,multi,2,[]
1284,inteblent,N,j,j,2.5667689368128777,2,multi,2,[]
1285,secedic,N,j,j,0.6436019409447908,2,multi,2,[]
1286,deflect,W,k,k,0.6601292546838522,2,multi,2,[]
1287,prechode,N,j,k,0.6638298369944096,2,multi,2,[]
